stop_name,lat,lon,source,verified
Bremner,,,manual,false
Carinus,,,manual,false
Claremont,,,manual,false
Educare,,,manual,false
Faculty of Health Sciences,,,manual,false
Forest Hill,,,manual,false
Great Westerford,,,manual,false
Groote Schuur Res,,,manual,false
Harold Cressy,,,manual,false
Hiddingh,,,manual,false
Kramer,,,manual,false
Liesbeeck,,,manual,false
Liesbeeck via Mowbray,,,manual,false
Mowbray,,,manual,false
North Stop,,,manual,false
Obz Square,,,manual,false
PNP (Rondebosch),,,manual,false
Rochester,,,manual,false
Roscommon House,,,manual,false
Sandown,,,manual,false
Tugwell,,,manual,false
UC North,,,manual,false
UC South,,,manual,false
